{"learning_rate": 0.001, "_timestamp": 1716941013.5626388, "Test/raw_accuracy": 0.2577257725772577, "Test/local_accuracy": 0.21992199219921993, "Test/raw_loss_avg": 2.66814741556593, "Test/local_loss_avg": 2.8123084624572625, "Test/windowscls_loss_avg": 5.298320288280789, "Test/total_loss_avg": 10.778776168823242, "_runtime": 557.5212528705597, "_step": 2, "_wandb": {"runtime": 573}}