{"_wandb": {"runtime": 4}, "learning_rate": 0.001, "_timestamp": 1716941182.7287216, "_runtime": 3.1645936965942383, "_step": 1}